FileName,GazeCenter,SceneCenter
MET_fig2a_infant_gaze.txt,0.0984473983902181,0.220706556338179
MET_fig2b_infant_gaze.txt,0.164360896425986,0.333569110022974
